{
    "loss": 1.394243836402893,
    "accuracy": 0.859649121761322
}