{
    "loss": 1.5617716312408447,
    "accuracy": 0.8508771657943726
}