{
    "loss": 0.8690328001976013,
    "accuracy": 0.9399677515029907
}